ID,Intercept,devpressure_30_05_01_2011,dist_to_city_center_km,dist_to_interchanges2011,dist_to_protected_km,dist_to_water_km,forest_2006_smooth_perc
1,0.45137223783174,0.0305787207624795,0.0182291969960511,-0.0001950593257894,-0.268212668936734,0.536148494539026,-0.00540878979388499
